{"cameraMode":{"drawMode":0,"name":"Shaded","section":"Shading Mode"},"sceneLighting":false,"audioPlay":false,"sceneViewState":{"showFog":true,"showMaterialUpdate":false,"showSkybox":false,"showFlares":true,"showImageEffects":true,"showParticleSystems":true},"in2DMode":false,"pivot":{"x":5.090000152587891,"y":6.800000190734863,"z":15.569999694824219},"rotation":{"x":0.0011543385917320848,"y":-0.9955331683158875,"z":0.09481672197580338,"w":0.012287944555282593},"size":0.6123724579811096,"orthographic":false}